prec 440
threads 8
mode solve
iters 20
h 0.1000000000e-51
dtol 1e-22
gtol 1e-22
g 0.500000000000000000000000000000000000000000000000000000000000000000000000000000000000000000000000000000000000000000000000000000000000000e0 0
dims 33 33 2235 39
lamL 0.15000000e1 0.50000000e0 -0.50000000e0 -0.15000000e1
lamU 0.15000000e1 0.50000000e0 -0.50000000e0 -0.15000000e1
th 0.112500000000000000000000000000000000000000000000000000000000000000000000000000000000000000000000000000000000000000000000000000000000000e0 0 -0.237500000000000000000000000000000000000000000000000000000000000000000000000000000000000000000000000000000000000000000000000000000000000e0 0 0.137500000000000000000000000000000000000000000000000000000000000000000000000000000000000000000000000000000000000000000000000000000000000e0 0 -0.125000000000000000000000000000000000000000000000000000000000000000000000000000000000000000000000000000000000000000000000000000000000000e-1 0
c0 0 -0.1469903778733003113765434994059245784892511983550999233001712707253276875793023078458556898927841926195586996182877229479998395043e0 0 -0.1081361797447038973514647230562897444114558163330938262222800705019723585350756133387837591043444930786630140176134065832533763616e0 0 0.2551207492859438047181110222704838925395474087016530799464517587967425577322596536796726606192532886407011956234592486553439455885e0 0 0.5808332060404009897200191730430361159605986540669575999582430557488382118267504966788377875397057520518012441880875909270277489318e-5
d0 0.100000000000000000000000000000000000000000000000000000000000000000000000000000000000000000000000000000000000000000000000000000000000000e1 0 0.100000000000000000000000000000000000000000000000000000000000000000000000000000000000000000000000000000000000000000000000000000000000000e1 0 0.100000000000000000000000000000000000000000000000000000000000000000000000000000000000000000000000000000000000000000000000000000000000000e1 0 0.100000000000000000000000000000000000000000000000000000000000000000000000000000000000000000000000000000000000000000000000000000000000000e1 0
fix 0
shift 4 4 4 4
band 4
extra 6 1 5 1 2 5 1 3 5 1 4 5 1 2 6 1 4 6 1
pair 2 1 4 3
n 265
scale 0.2500000000000000000000000000000000000000000000000000000000000000000000000000000000000000000000000000000000000000000000000000000000e0 0 0.6250000000000000000000000000000000000000000000000000000000000000000000000000000000000000000000000000000000000000000000000000000000e-1 0 0.1562500000000000000000000000000000000000000000000000000000000000000000000000000000000000000000000000000000000000000000000000000000e-1 0 0.3906250000000000000000000000000000000000000000000000000000000000000000000000000000000000000000000000000000000000000000000000000000e-2 0 0.9765625000000000000000000000000000000000000000000000000000000000000000000000000000000000000000000000000000000000000000000000000000e-3 0 0.2441406250000000000000000000000000000000000000000000000000000000000000000000000000000000000000000000000000000000000000000000000000e-3 0 0.6103515625000000000000000000000000000000000000000000000000000000000000000000000000000000000000000000000000000000000000000000000000e-4 0 0.1525878906250000000000000000000000000000000000000000000000000000000000000000000000000000000000000000000000000000000000000000000000e-4 0 0.3814697265625000000000000000000000000000000000000000000000000000000000000000000000000000000000000000000000000000000000000000000000e-5 0 0.9536743164062500000000000000000000000000000000000000000000000000000000000000000000000000000000000000000000000000000000000000000000e-6 0 0.2384185791015625000000000000000000000000000000000000000000000000000000000000000000000000000000000000000000000000000000000000000000e-6 0 0.5960464477539062500000000000000000000000000000000000000000000000000000000000000000000000000000000000000000000000000000000000000000e-7 0 0.1490116119384765625000000000000000000000000000000000000000000000000000000000000000000000000000000000000000000000000000000000000000e-7 0 0.3725290298461914062500000000000000000000000000000000000000000000000000000000000000000000000000000000000000000000000000000000000000e-8 0 0.9313225746154785156250000000000000000000000000000000000000000000000000000000000000000000000000000000000000000000000000000000000000e-9 0 0.2328306436538696289062500000000000000000000000000000000000000000000000000000000000000000000000000000000000000000000000000000000000e-9 0 0.5820766091346740722656250000000000000000000000000000000000000000000000000000000000000000000000000000000000000000000000000000000000e-10 0 0.1455191522836685180664062500000000000000000000000000000000000000000000000000000000000000000000000000000000000000000000000000000000e-10 0 0.3637978807091712951660156250000000000000000000000000000000000000000000000000000000000000000000000000000000000000000000000000000000e-11 0 0.9094947017729282379150390625000000000000000000000000000000000000000000000000000000000000000000000000000000000000000000000000000000e-12 0 0.2273736754432320594787597656250000000000000000000000000000000000000000000000000000000000000000000000000000000000000000000000000000e-12 0 0.5684341886080801486968994140625000000000000000000000000000000000000000000000000000000000000000000000000000000000000000000000000000e-13 0 0.1421085471520200371742248535156250000000000000000000000000000000000000000000000000000000000000000000000000000000000000000000000000e-13 0 0.3552713678800500929355621337890625000000000000000000000000000000000000000000000000000000000000000000000000000000000000000000000000e-14 0 0.8881784197001252323389053344726562500000000000000000000000000000000000000000000000000000000000000000000000000000000000000000000000e-15 0 0.2220446049250313080847263336181640625000000000000000000000000000000000000000000000000000000000000000000000000000000000000000000000e-15 0 0.5551115123125782702118158340454101562500000000000000000000000000000000000000000000000000000000000000000000000000000000000000000000e-16 0 0.1387778780781445675529539585113525390625000000000000000000000000000000000000000000000000000000000000000000000000000000000000000000e-16 0 0.3469446951953614188823848962783813476562500000000000000000000000000000000000000000000000000000000000000000000000000000000000000000e-17 0 0.8673617379884035472059622406959533691406250000000000000000000000000000000000000000000000000000000000000000000000000000000000000000e-18 0 0.2168404344971008868014905601739883422851562500000000000000000000000000000000000000000000000000000000000000000000000000000000000000e-18 0 0.5421010862427522170037264004349708557128906250000000000000000000000000000000000000000000000000000000000000000000000000000000000000e-19 0 0.1355252715606880542509316001087427139282226562500000000000000000000000000000000000000000000000000000000000000000000000000000000000e-19 0 0.1000000000000000000000000000000000000000000000000000000000000000000000000000000000000000000000000000000000000000000000000000000000e1 0 0.2500000000000000000000000000000000000000000000000000000000000000000000000000000000000000000000000000000000000000000000000000000000e0 0 0.6250000000000000000000000000000000000000000000000000000000000000000000000000000000000000000000000000000000000000000000000000000000e-1 0 0.1562500000000000000000000000000000000000000000000000000000000000000000000000000000000000000000000000000000000000000000000000000000e-1 0 0.3906250000000000000000000000000000000000000000000000000000000000000000000000000000000000000000000000000000000000000000000000000000e-2 0 0.9765625000000000000000000000000000000000000000000000000000000000000000000000000000000000000000000000000000000000000000000000000000e-3 0 0.2441406250000000000000000000000000000000000000000000000000000000000000000000000000000000000000000000000000000000000000000000000000e-3 0 0.6103515625000000000000000000000000000000000000000000000000000000000000000000000000000000000000000000000000000000000000000000000000e-4 0 0.1525878906250000000000000000000000000000000000000000000000000000000000000000000000000000000000000000000000000000000000000000000000e-4 0 0.3814697265625000000000000000000000000000000000000000000000000000000000000000000000000000000000000000000000000000000000000000000000e-5 0 0.9536743164062500000000000000000000000000000000000000000000000000000000000000000000000000000000000000000000000000000000000000000000e-6 0 0.2384185791015625000000000000000000000000000000000000000000000000000000000000000000000000000000000000000000000000000000000000000000e-6 0 0.5960464477539062500000000000000000000000000000000000000000000000000000000000000000000000000000000000000000000000000000000000000000e-7 0 0.1490116119384765625000000000000000000000000000000000000000000000000000000000000000000000000000000000000000000000000000000000000000e-7 0 0.3725290298461914062500000000000000000000000000000000000000000000000000000000000000000000000000000000000000000000000000000000000000e-8 0 0.9313225746154785156250000000000000000000000000000000000000000000000000000000000000000000000000000000000000000000000000000000000000e-9 0 0.2328306436538696289062500000000000000000000000000000000000000000000000000000000000000000000000000000000000000000000000000000000000e-9 0 0.5820766091346740722656250000000000000000000000000000000000000000000000000000000000000000000000000000000000000000000000000000000000e-10 0 0.1455191522836685180664062500000000000000000000000000000000000000000000000000000000000000000000000000000000000000000000000000000000e-10 0 0.3637978807091712951660156250000000000000000000000000000000000000000000000000000000000000000000000000000000000000000000000000000000e-11 0 0.9094947017729282379150390625000000000000000000000000000000000000000000000000000000000000000000000000000000000000000000000000000000e-12 0 0.2273736754432320594787597656250000000000000000000000000000000000000000000000000000000000000000000000000000000000000000000000000000e-12 0 0.5684341886080801486968994140625000000000000000000000000000000000000000000000000000000000000000000000000000000000000000000000000000e-13 0 0.1421085471520200371742248535156250000000000000000000000000000000000000000000000000000000000000000000000000000000000000000000000000e-13 0 0.3552713678800500929355621337890625000000000000000000000000000000000000000000000000000000000000000000000000000000000000000000000000e-14 0 0.8881784197001252323389053344726562500000000000000000000000000000000000000000000000000000000000000000000000000000000000000000000000e-15 0 0.2220446049250313080847263336181640625000000000000000000000000000000000000000000000000000000000000000000000000000000000000000000000e-15 0 0.5551115123125782702118158340454101562500000000000000000000000000000000000000000000000000000000000000000000000000000000000000000000e-16 0 0.1387778780781445675529539585113525390625000000000000000000000000000000000000000000000000000000000000000000000000000000000000000000e-16 0 0.3469446951953614188823848962783813476562500000000000000000000000000000000000000000000000000000000000000000000000000000000000000000e-17 0 0.8673617379884035472059622406959533691406250000000000000000000000000000000000000000000000000000000000000000000000000000000000000000e-18 0 0.2168404344971008868014905601739883422851562500000000000000000000000000000000000000000000000000000000000000000000000000000000000000e-18 0 0.5421010862427522170037264004349708557128906250000000000000000000000000000000000000000000000000000000000000000000000000000000000000e-19 0 0.1000000000000000000000000000000000000000000000000000000000000000000000000000000000000000000000000000000000000000000000000000000000e1 0 0.1000000000000000000000000000000000000000000000000000000000000000000000000000000000000000000000000000000000000000000000000000000000e1 0 0.2500000000000000000000000000000000000000000000000000000000000000000000000000000000000000000000000000000000000000000000000000000000e0 0 0.6250000000000000000000000000000000000000000000000000000000000000000000000000000000000000000000000000000000000000000000000000000000e-1 0 0.1562500000000000000000000000000000000000000000000000000000000000000000000000000000000000000000000000000000000000000000000000000000e-1 0 0.3906250000000000000000000000000000000000000000000000000000000000000000000000000000000000000000000000000000000000000000000000000000e-2 0 0.9765625000000000000000000000000000000000000000000000000000000000000000000000000000000000000000000000000000000000000000000000000000e-3 0 0.2441406250000000000000000000000000000000000000000000000000000000000000000000000000000000000000000000000000000000000000000000000000e-3 0 0.6103515625000000000000000000000000000000000000000000000000000000000000000000000000000000000000000000000000000000000000000000000000e-4 0 0.1525878906250000000000000000000000000000000000000000000000000000000000000000000000000000000000000000000000000000000000000000000000e-4 0 0.3814697265625000000000000000000000000000000000000000000000000000000000000000000000000000000000000000000000000000000000000000000000e-5 0 0.9536743164062500000000000000000000000000000000000000000000000000000000000000000000000000000000000000000000000000000000000000000000e-6 0 0.2384185791015625000000000000000000000000000000000000000000000000000000000000000000000000000000000000000000000000000000000000000000e-6 0 0.5960464477539062500000000000000000000000000000000000000000000000000000000000000000000000000000000000000000000000000000000000000000e-7 0 0.1490116119384765625000000000000000000000000000000000000000000000000000000000000000000000000000000000000000000000000000000000000000e-7 0 0.3725290298461914062500000000000000000000000000000000000000000000000000000000000000000000000000000000000000000000000000000000000000e-8 0 0.9313225746154785156250000000000000000000000000000000000000000000000000000000000000000000000000000000000000000000000000000000000000e-9 0 0.2328306436538696289062500000000000000000000000000000000000000000000000000000000000000000000000000000000000000000000000000000000000e-9 0 0.5820766091346740722656250000000000000000000000000000000000000000000000000000000000000000000000000000000000000000000000000000000000e-10 0 0.1455191522836685180664062500000000000000000000000000000000000000000000000000000000000000000000000000000000000000000000000000000000e-10 0 0.3637978807091712951660156250000000000000000000000000000000000000000000000000000000000000000000000000000000000000000000000000000000e-11 0 0.9094947017729282379150390625000000000000000000000000000000000000000000000000000000000000000000000000000000000000000000000000000000e-12 0 0.2273736754432320594787597656250000000000000000000000000000000000000000000000000000000000000000000000000000000000000000000000000000e-12 0 0.5684341886080801486968994140625000000000000000000000000000000000000000000000000000000000000000000000000000000000000000000000000000e-13 0 0.1421085471520200371742248535156250000000000000000000000000000000000000000000000000000000000000000000000000000000000000000000000000e-13 0 0.3552713678800500929355621337890625000000000000000000000000000000000000000000000000000000000000000000000000000000000000000000000000e-14 0 0.8881784197001252323389053344726562500000000000000000000000000000000000000000000000000000000000000000000000000000000000000000000000e-15 0 0.2220446049250313080847263336181640625000000000000000000000000000000000000000000000000000000000000000000000000000000000000000000000e-15 0 0.5551115123125782702118158340454101562500000000000000000000000000000000000000000000000000000000000000000000000000000000000000000000e-16 0 0.1387778780781445675529539585113525390625000000000000000000000000000000000000000000000000000000000000000000000000000000000000000000e-16 0 0.3469446951953614188823848962783813476562500000000000000000000000000000000000000000000000000000000000000000000000000000000000000000e-17 0 0.8673617379884035472059622406959533691406250000000000000000000000000000000000000000000000000000000000000000000000000000000000000000e-18 0 0.2168404344971008868014905601739883422851562500000000000000000000000000000000000000000000000000000000000000000000000000000000000000e-18 0 0.1000000000000000000000000000000000000000000000000000000000000000000000000000000000000000000000000000000000000000000000000000000000e1 0 0.1000000000000000000000000000000000000000000000000000000000000000000000000000000000000000000000000000000000000000000000000000000000e1 0 0.1000000000000000000000000000000000000000000000000000000000000000000000000000000000000000000000000000000000000000000000000000000000e1 0 0.2500000000000000000000000000000000000000000000000000000000000000000000000000000000000000000000000000000000000000000000000000000000e0 0 0.6250000000000000000000000000000000000000000000000000000000000000000000000000000000000000000000000000000000000000000000000000000000e-1 0 0.1562500000000000000000000000000000000000000000000000000000000000000000000000000000000000000000000000000000000000000000000000000000e-1 0 0.3906250000000000000000000000000000000000000000000000000000000000000000000000000000000000000000000000000000000000000000000000000000e-2 0 0.9765625000000000000000000000000000000000000000000000000000000000000000000000000000000000000000000000000000000000000000000000000000e-3 0 0.2441406250000000000000000000000000000000000000000000000000000000000000000000000000000000000000000000000000000000000000000000000000e-3 0 0.6103515625000000000000000000000000000000000000000000000000000000000000000000000000000000000000000000000000000000000000000000000000e-4 0 0.1525878906250000000000000000000000000000000000000000000000000000000000000000000000000000000000000000000000000000000000000000000000e-4 0 0.3814697265625000000000000000000000000000000000000000000000000000000000000000000000000000000000000000000000000000000000000000000000e-5 0 0.9536743164062500000000000000000000000000000000000000000000000000000000000000000000000000000000000000000000000000000000000000000000e-6 0 0.2384185791015625000000000000000000000000000000000000000000000000000000000000000000000000000000000000000000000000000000000000000000e-6 0 0.5960464477539062500000000000000000000000000000000000000000000000000000000000000000000000000000000000000000000000000000000000000000e-7 0 0.1490116119384765625000000000000000000000000000000000000000000000000000000000000000000000000000000000000000000000000000000000000000e-7 0 0.3725290298461914062500000000000000000000000000000000000000000000000000000000000000000000000000000000000000000000000000000000000000e-8 0 0.9313225746154785156250000000000000000000000000000000000000000000000000000000000000000000000000000000000000000000000000000000000000e-9 0 0.2328306436538696289062500000000000000000000000000000000000000000000000000000000000000000000000000000000000000000000000000000000000e-9 0 0.5820766091346740722656250000000000000000000000000000000000000000000000000000000000000000000000000000000000000000000000000000000000e-10 0 0.1455191522836685180664062500000000000000000000000000000000000000000000000000000000000000000000000000000000000000000000000000000000e-10 0 0.3637978807091712951660156250000000000000000000000000000000000000000000000000000000000000000000000000000000000000000000000000000000e-11 0 0.9094947017729282379150390625000000000000000000000000000000000000000000000000000000000000000000000000000000000000000000000000000000e-12 0 0.2273736754432320594787597656250000000000000000000000000000000000000000000000000000000000000000000000000000000000000000000000000000e-12 0 0.5684341886080801486968994140625000000000000000000000000000000000000000000000000000000000000000000000000000000000000000000000000000e-13 0 0.1421085471520200371742248535156250000000000000000000000000000000000000000000000000000000000000000000000000000000000000000000000000e-13 0 0.3552713678800500929355621337890625000000000000000000000000000000000000000000000000000000000000000000000000000000000000000000000000e-14 0 0.8881784197001252323389053344726562500000000000000000000000000000000000000000000000000000000000000000000000000000000000000000000000e-15 0 0.2220446049250313080847263336181640625000000000000000000000000000000000000000000000000000000000000000000000000000000000000000000000e-15 0 0.5551115123125782702118158340454101562500000000000000000000000000000000000000000000000000000000000000000000000000000000000000000000e-16 0 0.1387778780781445675529539585113525390625000000000000000000000000000000000000000000000000000000000000000000000000000000000000000000e-16 0 0.3469446951953614188823848962783813476562500000000000000000000000000000000000000000000000000000000000000000000000000000000000000000e-17 0 0.8673617379884035472059622406959533691406250000000000000000000000000000000000000000000000000000000000000000000000000000000000000000e-18 0 0.1000000000000000000000000000000000000000000000000000000000000000000000000000000000000000000000000000000000000000000000000000000000e1 0 0.1000000000000000000000000000000000000000000000000000000000000000000000000000000000000000000000000000000000000000000000000000000000e1 0 0.1000000000000000000000000000000000000000000000000000000000000000000000000000000000000000000000000000000000000000000000000000000000e1 0 0.2500000000000000000000000000000000000000000000000000000000000000000000000000000000000000000000000000000000000000000000000000000000e0 0 0.6250000000000000000000000000000000000000000000000000000000000000000000000000000000000000000000000000000000000000000000000000000000e-1 0 0.1562500000000000000000000000000000000000000000000000000000000000000000000000000000000000000000000000000000000000000000000000000000e-1 0 0.3906250000000000000000000000000000000000000000000000000000000000000000000000000000000000000000000000000000000000000000000000000000e-2 0 0.9765625000000000000000000000000000000000000000000000000000000000000000000000000000000000000000000000000000000000000000000000000000e-3 0 0.2441406250000000000000000000000000000000000000000000000000000000000000000000000000000000000000000000000000000000000000000000000000e-3 0 0.6103515625000000000000000000000000000000000000000000000000000000000000000000000000000000000000000000000000000000000000000000000000e-4 0 0.1525878906250000000000000000000000000000000000000000000000000000000000000000000000000000000000000000000000000000000000000000000000e-4 0 0.3814697265625000000000000000000000000000000000000000000000000000000000000000000000000000000000000000000000000000000000000000000000e-5 0 0.9536743164062500000000000000000000000000000000000000000000000000000000000000000000000000000000000000000000000000000000000000000000e-6 0 0.2384185791015625000000000000000000000000000000000000000000000000000000000000000000000000000000000000000000000000000000000000000000e-6 0 0.5960464477539062500000000000000000000000000000000000000000000000000000000000000000000000000000000000000000000000000000000000000000e-7 0 0.1490116119384765625000000000000000000000000000000000000000000000000000000000000000000000000000000000000000000000000000000000000000e-7 0 0.3725290298461914062500000000000000000000000000000000000000000000000000000000000000000000000000000000000000000000000000000000000000e-8 0 0.9313225746154785156250000000000000000000000000000000000000000000000000000000000000000000000000000000000000000000000000000000000000e-9 0 0.2328306436538696289062500000000000000000000000000000000000000000000000000000000000000000000000000000000000000000000000000000000000e-9 0 0.5820766091346740722656250000000000000000000000000000000000000000000000000000000000000000000000000000000000000000000000000000000000e-10 0 0.1455191522836685180664062500000000000000000000000000000000000000000000000000000000000000000000000000000000000000000000000000000000e-10 0 0.3637978807091712951660156250000000000000000000000000000000000000000000000000000000000000000000000000000000000000000000000000000000e-11 0 0.9094947017729282379150390625000000000000000000000000000000000000000000000000000000000000000000000000000000000000000000000000000000e-12 0 0.2273736754432320594787597656250000000000000000000000000000000000000000000000000000000000000000000000000000000000000000000000000000e-12 0 0.5684341886080801486968994140625000000000000000000000000000000000000000000000000000000000000000000000000000000000000000000000000000e-13 0 0.1421085471520200371742248535156250000000000000000000000000000000000000000000000000000000000000000000000000000000000000000000000000e-13 0 0.3552713678800500929355621337890625000000000000000000000000000000000000000000000000000000000000000000000000000000000000000000000000e-14 0 0.8881784197001252323389053344726562500000000000000000000000000000000000000000000000000000000000000000000000000000000000000000000000e-15 0 0.2220446049250313080847263336181640625000000000000000000000000000000000000000000000000000000000000000000000000000000000000000000000e-15 0 0.5551115123125782702118158340454101562500000000000000000000000000000000000000000000000000000000000000000000000000000000000000000000e-16 0 0.1387778780781445675529539585113525390625000000000000000000000000000000000000000000000000000000000000000000000000000000000000000000e-16 0 0.3469446951953614188823848962783813476562500000000000000000000000000000000000000000000000000000000000000000000000000000000000000000e-17 0 0.8673617379884035472059622406959533691406250000000000000000000000000000000000000000000000000000000000000000000000000000000000000000e-18 0 0.1000000000000000000000000000000000000000000000000000000000000000000000000000000000000000000000000000000000000000000000000000000000e1 0 0.1000000000000000000000000000000000000000000000000000000000000000000000000000000000000000000000000000000000000000000000000000000000e1 0 0.2500000000000000000000000000000000000000000000000000000000000000000000000000000000000000000000000000000000000000000000000000000000e0 0 0.6250000000000000000000000000000000000000000000000000000000000000000000000000000000000000000000000000000000000000000000000000000000e-1 0 0.1562500000000000000000000000000000000000000000000000000000000000000000000000000000000000000000000000000000000000000000000000000000e-1 0 0.3906250000000000000000000000000000000000000000000000000000000000000000000000000000000000000000000000000000000000000000000000000000e-2 0 0.9765625000000000000000000000000000000000000000000000000000000000000000000000000000000000000000000000000000000000000000000000000000e-3 0 0.2441406250000000000000000000000000000000000000000000000000000000000000000000000000000000000000000000000000000000000000000000000000e-3 0 0.6103515625000000000000000000000000000000000000000000000000000000000000000000000000000000000000000000000000000000000000000000000000e-4 0 0.1525878906250000000000000000000000000000000000000000000000000000000000000000000000000000000000000000000000000000000000000000000000e-4 0 0.3814697265625000000000000000000000000000000000000000000000000000000000000000000000000000000000000000000000000000000000000000000000e-5 0 0.9536743164062500000000000000000000000000000000000000000000000000000000000000000000000000000000000000000000000000000000000000000000e-6 0 0.2384185791015625000000000000000000000000000000000000000000000000000000000000000000000000000000000000000000000000000000000000000000e-6 0 0.5960464477539062500000000000000000000000000000000000000000000000000000000000000000000000000000000000000000000000000000000000000000e-7 0 0.1490116119384765625000000000000000000000000000000000000000000000000000000000000000000000000000000000000000000000000000000000000000e-7 0 0.3725290298461914062500000000000000000000000000000000000000000000000000000000000000000000000000000000000000000000000000000000000000e-8 0 0.9313225746154785156250000000000000000000000000000000000000000000000000000000000000000000000000000000000000000000000000000000000000e-9 0 0.2328306436538696289062500000000000000000000000000000000000000000000000000000000000000000000000000000000000000000000000000000000000e-9 0 0.5820766091346740722656250000000000000000000000000000000000000000000000000000000000000000000000000000000000000000000000000000000000e-10 0 0.1455191522836685180664062500000000000000000000000000000000000000000000000000000000000000000000000000000000000000000000000000000000e-10 0 0.3637978807091712951660156250000000000000000000000000000000000000000000000000000000000000000000000000000000000000000000000000000000e-11 0 0.9094947017729282379150390625000000000000000000000000000000000000000000000000000000000000000000000000000000000000000000000000000000e-12 0 0.2273736754432320594787597656250000000000000000000000000000000000000000000000000000000000000000000000000000000000000000000000000000e-12 0 0.5684341886080801486968994140625000000000000000000000000000000000000000000000000000000000000000000000000000000000000000000000000000e-13 0 0.1421085471520200371742248535156250000000000000000000000000000000000000000000000000000000000000000000000000000000000000000000000000e-13 0 0.3552713678800500929355621337890625000000000000000000000000000000000000000000000000000000000000000000000000000000000000000000000000e-14 0 0.8881784197001252323389053344726562500000000000000000000000000000000000000000000000000000000000000000000000000000000000000000000000e-15 0 0.2220446049250313080847263336181640625000000000000000000000000000000000000000000000000000000000000000000000000000000000000000000000e-15 0 0.5551115123125782702118158340454101562500000000000000000000000000000000000000000000000000000000000000000000000000000000000000000000e-16 0 0.1387778780781445675529539585113525390625000000000000000000000000000000000000000000000000000000000000000000000000000000000000000000e-16 0 0.3469446951953614188823848962783813476562500000000000000000000000000000000000000000000000000000000000000000000000000000000000000000e-17 0 0.8673617379884035472059622406959533691406250000000000000000000000000000000000000000000000000000000000000000000000000000000000000000e-18 0 0.2168404344971008868014905601739883422851562500000000000000000000000000000000000000000000000000000000000000000000000000000000000000e-18 0 0.1000000000000000000000000000000000000000000000000000000000000000000000000000000000000000000000000000000000000000000000000000000000e1 0 0.2500000000000000000000000000000000000000000000000000000000000000000000000000000000000000000000000000000000000000000000000000000000e0 0 0.6250000000000000000000000000000000000000000000000000000000000000000000000000000000000000000000000000000000000000000000000000000000e-1 0 0.1562500000000000000000000000000000000000000000000000000000000000000000000000000000000000000000000000000000000000000000000000000000e-1 0 0.3906250000000000000000000000000000000000000000000000000000000000000000000000000000000000000000000000000000000000000000000000000000e-2 0 0.9765625000000000000000000000000000000000000000000000000000000000000000000000000000000000000000000000000000000000000000000000000000e-3 0 0.2441406250000000000000000000000000000000000000000000000000000000000000000000000000000000000000000000000000000000000000000000000000e-3 0 0.6103515625000000000000000000000000000000000000000000000000000000000000000000000000000000000000000000000000000000000000000000000000e-4 0 0.1525878906250000000000000000000000000000000000000000000000000000000000000000000000000000000000000000000000000000000000000000000000e-4 0 0.3814697265625000000000000000000000000000000000000000000000000000000000000000000000000000000000000000000000000000000000000000000000e-5 0 0.9536743164062500000000000000000000000000000000000000000000000000000000000000000000000000000000000000000000000000000000000000000000e-6 0 0.2384185791015625000000000000000000000000000000000000000000000000000000000000000000000000000000000000000000000000000000000000000000e-6 0 0.5960464477539062500000000000000000000000000000000000000000000000000000000000000000000000000000000000000000000000000000000000000000e-7 0 0.1490116119384765625000000000000000000000000000000000000000000000000000000000000000000000000000000000000000000000000000000000000000e-7 0 0.3725290298461914062500000000000000000000000000000000000000000000000000000000000000000000000000000000000000000000000000000000000000e-8 0 0.9313225746154785156250000000000000000000000000000000000000000000000000000000000000000000000000000000000000000000000000000000000000e-9 0 0.2328306436538696289062500000000000000000000000000000000000000000000000000000000000000000000000000000000000000000000000000000000000e-9 0 0.5820766091346740722656250000000000000000000000000000000000000000000000000000000000000000000000000000000000000000000000000000000000e-10 0 0.1455191522836685180664062500000000000000000000000000000000000000000000000000000000000000000000000000000000000000000000000000000000e-10 0 0.3637978807091712951660156250000000000000000000000000000000000000000000000000000000000000000000000000000000000000000000000000000000e-11 0 0.9094947017729282379150390625000000000000000000000000000000000000000000000000000000000000000000000000000000000000000000000000000000e-12 0 0.2273736754432320594787597656250000000000000000000000000000000000000000000000000000000000000000000000000000000000000000000000000000e-12 0 0.5684341886080801486968994140625000000000000000000000000000000000000000000000000000000000000000000000000000000000000000000000000000e-13 0 0.1421085471520200371742248535156250000000000000000000000000000000000000000000000000000000000000000000000000000000000000000000000000e-13 0 0.3552713678800500929355621337890625000000000000000000000000000000000000000000000000000000000000000000000000000000000000000000000000e-14 0 0.8881784197001252323389053344726562500000000000000000000000000000000000000000000000000000000000000000000000000000000000000000000000e-15 0 0.2220446049250313080847263336181640625000000000000000000000000000000000000000000000000000000000000000000000000000000000000000000000e-15 0 0.5551115123125782702118158340454101562500000000000000000000000000000000000000000000000000000000000000000000000000000000000000000000e-16 0 0.1387778780781445675529539585113525390625000000000000000000000000000000000000000000000000000000000000000000000000000000000000000000e-16 0 0.3469446951953614188823848962783813476562500000000000000000000000000000000000000000000000000000000000000000000000000000000000000000e-17 0 0.8673617379884035472059622406959533691406250000000000000000000000000000000000000000000000000000000000000000000000000000000000000000e-18 0 0.2168404344971008868014905601739883422851562500000000000000000000000000000000000000000000000000000000000000000000000000000000000000e-18 0 0.5421010862427522170037264004349708557128906250000000000000000000000000000000000000000000000000000000000000000000000000000000000000e-19 0 0.2500000000000000000000000000000000000000000000000000000000000000000000000000000000000000000000000000000000000000000000000000000000e0 0 0.6250000000000000000000000000000000000000000000000000000000000000000000000000000000000000000000000000000000000000000000000000000000e-1 0 0.1562500000000000000000000000000000000000000000000000000000000000000000000000000000000000000000000000000000000000000000000000000000e-1 0 0.3906250000000000000000000000000000000000000000000000000000000000000000000000000000000000000000000000000000000000000000000000000000e-2 0 0.9765625000000000000000000000000000000000000000000000000000000000000000000000000000000000000000000000000000000000000000000000000000e-3 0 0.2441406250000000000000000000000000000000000000000000000000000000000000000000000000000000000000000000000000000000000000000000000000e-3 0 0.6103515625000000000000000000000000000000000000000000000000000000000000000000000000000000000000000000000000000000000000000000000000e-4 0 0.1525878906250000000000000000000000000000000000000000000000000000000000000000000000000000000000000000000000000000000000000000000000e-4 0 0.3814697265625000000000000000000000000000000000000000000000000000000000000000000000000000000000000000000000000000000000000000000000e-5 0 0.9536743164062500000000000000000000000000000000000000000000000000000000000000000000000000000000000000000000000000000000000000000000e-6 0 0.2384185791015625000000000000000000000000000000000000000000000000000000000000000000000000000000000000000000000000000000000000000000e-6 0 0.5960464477539062500000000000000000000000000000000000000000000000000000000000000000000000000000000000000000000000000000000000000000e-7 0 0.1490116119384765625000000000000000000000000000000000000000000000000000000000000000000000000000000000000000000000000000000000000000e-7 0 0.3725290298461914062500000000000000000000000000000000000000000000000000000000000000000000000000000000000000000000000000000000000000e-8 0 0.9313225746154785156250000000000000000000000000000000000000000000000000000000000000000000000000000000000000000000000000000000000000e-9 0 0.2328306436538696289062500000000000000000000000000000000000000000000000000000000000000000000000000000000000000000000000000000000000e-9 0 0.5820766091346740722656250000000000000000000000000000000000000000000000000000000000000000000000000000000000000000000000000000000000e-10 0 0.1455191522836685180664062500000000000000000000000000000000000000000000000000000000000000000000000000000000000000000000000000000000e-10 0 0.3637978807091712951660156250000000000000000000000000000000000000000000000000000000000000000000000000000000000000000000000000000000e-11 0 0.9094947017729282379150390625000000000000000000000000000000000000000000000000000000000000000000000000000000000000000000000000000000e-12 0 0.2273736754432320594787597656250000000000000000000000000000000000000000000000000000000000000000000000000000000000000000000000000000e-12 0 0.5684341886080801486968994140625000000000000000000000000000000000000000000000000000000000000000000000000000000000000000000000000000e-13 0 0.1421085471520200371742248535156250000000000000000000000000000000000000000000000000000000000000000000000000000000000000000000000000e-13 0 0.3552713678800500929355621337890625000000000000000000000000000000000000000000000000000000000000000000000000000000000000000000000000e-14 0 0.8881784197001252323389053344726562500000000000000000000000000000000000000000000000000000000000000000000000000000000000000000000000e-15 0 0.2220446049250313080847263336181640625000000000000000000000000000000000000000000000000000000000000000000000000000000000000000000000e-15 0 0.5551115123125782702118158340454101562500000000000000000000000000000000000000000000000000000000000000000000000000000000000000000000e-16 0 0.1387778780781445675529539585113525390625000000000000000000000000000000000000000000000000000000000000000000000000000000000000000000e-16 0 0.3469446951953614188823848962783813476562500000000000000000000000000000000000000000000000000000000000000000000000000000000000000000e-17 0 0.8673617379884035472059622406959533691406250000000000000000000000000000000000000000000000000000000000000000000000000000000000000000e-18 0 0.2168404344971008868014905601739883422851562500000000000000000000000000000000000000000000000000000000000000000000000000000000000000e-18 0 0.5421010862427522170037264004349708557128906250000000000000000000000000000000000000000000000000000000000000000000000000000000000000e-19 0 0.1355252715606880542509316001087427139282226562500000000000000000000000000000000000000000000000000000000000000000000000000000000000e-19 0 0.1000000000000000000000000000000000000000000000000000000000000000000000000000000000000000000000000000000000000000000000000000000000e1 0
z -6.5532307637419959412571951114690130813268017744172611515316366457098907680263778044220884806322514963966748467420223842919550740723E-32 0.0000033832087881130270528932894995856942030789840832866527126736011117346097462748849234503541131563815266863325703632574542769967873988 2.2318630649298821588012117574013923378782258248094681559929144345961427406631015498328998745353618213520364979996013595547208012775E-32 -0.000026541375322482764612447039157820031057010220395605875483580221980196595059718260556253479931276877322125307329930665110778193288575 -6.5391411847305724378663557813081391165435201200798024666830482710175087974296321729448823019735847945754908858400043229793144387740E-32 -1.0456140599860417299291134833761307112986917661112895280410851202698022777364421865569583841749780911159818911477534568374804480096E-7 -2.4011652050273371233520022481588194780108713469596316305801400166244104547769953123170072323074394964692196567140748747275022000349E-32 2.6554229250056517863738206866910022459603420710696047265808742714103069575080598472353311668152043401274187418463864059224993496409E-7 -1.4263138870093519024789600998915697850846182962285894711431537941797684316436176449913857861336077459109047523088886836495749416194E-32 1.7039353149407943565706475887611807710958148203363896940523221293352039170079202885789017203785782057615424797023075948754281176639E-9 -2.0906421502610479476876636989027430931825485192090778404013440999306099260926416949606817914407661622851268415496963591361274416509E-32 6.4487281722616044549329335651755207528502400964018660572122889586662681610657062308349103064234403486732846217899657973710802837092E-10 -2.6695965426665626947325518426608693483293612089709516200893555358051935099579455009603491098186890419411420275784298132892193481493E-32 3.4110307190969366056807953153673209279091113267653128837386922142171292675964534744978775414177594062526793506802550492435857812514E-13 -3.0377060738452195837623303952552951931210135065194781753417763351754717369454411470851628020079441309538420251124270057729463951629E-32 -7.7854208621159194698132515706441728556415977730431566166899260861602415747354064792581846185143129555102664852841100009318790323890E-11 -2.7477633970098770253649228249391232969633219709832797743548727984701825314178626611004243599999513441696761782019403347437646577304E-32 -6.1575745545238001504391149314353230334400378540617653669218630842399431576214966374936860932805753249823151942447039091622752825144E-13 -3.2257447776213539082343348535490915501379987451603984962623523874770747143895757937557155762118839944191434464971748125435509372555E-32 4.7294044050060886393863650020516838914643331554467180400952694223454944050167679341612057901313207432105677582193459126592859444009E-13 -4.4939537733447070723015397294069335986256953537662257855783691005614486443047019494534797752630839078636376174856372985524002906769E-32 6.8701973159790301965308672642569466264737531191439232737981821538286745284734243076905525518334993945283810478698477349482655550404E-15 -4.8867215110150298719805531380351683102298033330711051147388257440103929031103260811579099026558773249904105642216883773108528174188E-32 3.3733107867651927781798125314942074660778608681224280210405278366234264972169644807860287976736833938364871625310438600642547474580E-14 -3.6246906192402543527759751993476703040304289271116251416212588416656285505974888919390938142288014113223712055884051356624090299308E-32 2.5343245292380280843006572903092788084389695418489245292392729786281571101872139902011395143690956364200172675507921764910844945773E-16 -5.0236656989442094600424526996812237908269738611543723441597444398962256669586984401574807693817750061309675814189300000358760383455E-32 -6.5729539083306372249112613860079040793536245152208661973808465615219932181264436547939317234086120117179975302999019482154994864274E-16 -7.9221832682998775307855692117654953919344055153063991196153598500255908458663312838983640057484117928252834772299573785918518655130E-32 -7.2813543977408781495953999482150725551920220651695694035601872345136964822864827635460398006664845947549877398570007380393836056917E-18 -7.5411752910269440216764490881257810175301492317871034925989006855997610161803199248242488771796049865419732979228821490322385719638E-32 -1.1963165227383636331086054610366933001150486431156374782859131845690893173333173523199468414877218687293257828928726051170820925408E-17 -3.7960540131588202399356029324895137041148460151711206810634463902587414156077491940635520790024549873874661495829477778228919386965E-32 -6.3694795724157480896328569863287841802465909544168205620228082373890946931509627487778884974091545709270924030689098577409932255756E-20 -8.6159279626436922909235028280564401505296609624735596277546507972248290247002300290842858181189879277958355436557579771497190912414E-32 5.5473543477169698301287137545862017500550839362410902880742168809042557040089109665340844695306529774619951897344251752843351609849E-19 -1.4137906318278907388402944262469254730517015129879483378585624737404378293463268906846164201831970460811742509579246197379294399719E-31 5.5170372839874134336056266922611424859785564074851799319302348652014974182721913985680928992151173773399623525480523241353169683381E-21 -9.9132106341458843007315601739531471200128158517585190853683808830820543497479927351743601233834090082100136473666314691915026364649E-32 8.2606502472871338345745489527739538389566343538210164136289360967865467214879157561879001335432973497390553827376401241750969754276E-22 -3.1390808734656260464362865678639011335513944186892060422210312822904413258867816945462805142558021459135264540984152529679984329779E-32 -2.8819952075594645634513714974673157500784813338315814373364611736108897654624955548788474309656940190105713796410038672754913194329E-23 -1.8935631131387230374047559083650125591130621911169133994794030205713140720419827593251109068172232357791582160546122783769873306532E-31 -3.8008005597468957294911540926543099193250675704333274090595641274273328569110681407092066211878098909665978367093915164594108318838E-22 -2.2248686828418604944241133279517006399278803762139803981924514511592756272502327670854378141214257632664181385425983138130728998003E-31 -3.4005940390919109830098418592401911583706479607705647442532324385660350357100774582400065095190940816742093121939653486483519270401E-24 -4.9562812444352524346412727555292387457321279496721817818329923386505594267279331089291601440280238450497514341804349447038962606329E-32 4.2439615417329740980960312530362842191815520555868737779842482875870212358185946353168027849024048389857892056510637238185498304759E-24 -1.1795732625033271836381530029416263084859567120592527456872282560476825141583546205847322113810650923691558041662284208035677358381E-32 6.4363170381468489355084314478305494635114839271354983182413517612326823275788062698354441003414882867966512112011259537821965416114E-26 -5.1835929002385047369491958372285326356569522552862408513064838805375374653950052480186417544322628230668404334988719236902965256536E-31 2.1188861087115023943694601026605302581008550224490565549705066708297425452745722001488862274971477202993811369626343287465712273533E-25 -3.9697551420169581928310507968847031171057209584431434835274865212981895266954050629640125638692961521456761005426261068830598727208E-31 1.5975670647040832456192740520476371292957889686290218915659151820532031263403611688917971081208747341828373459889726837574430423274E-27 3.5401673801203463350784661545002027121515323469145450902672942611988454285004033405587622512781388860029360588377945765887703864979E-31 -5.7404225336039750966932948707143115883528831451098611431530848014620145848997686094135474770278821859974612963094997032154478853237E-27 6.6548633563018048257104883206356411298806706134911057413002949277734492230946657199345878082502798158774698548704593801646129963452E-32 -4.6491557898519224150863170667147550146428146974412981562564632818289810724455337562033017612783120540109491144760034560192255267284E-29 -4.2243331721491137810281567576946340448343337264239398476032546834850129597075421482068158361137094110114572698234153718567260841006E-30 1.0157733961438993372400764516923038758333146332733277962208024441147329637721162532232119569004890693241448263637494851258438010022E-29 -8.5405064331675396868427134634756465425813821448160455786712032565191892374745790152581966718539312717501773137730788693586428574086E-32 1.4926262210547833355116350677084783798643747898100019112766518448580862706182998753528234578319984093440525413394770382289003423279E-31 5.8074583719958333506888661524005576661600144342490643105044286607608015311903908723522416995418715413164053689628573606230417808245E-34 -1.0886522895528307769060497557425134877917369448839718535277743634668727817366018292482898053469877105889409439134394834522797032967E-33 -2.8351320867621783290723389558931967204819830919062797209002658289043182759923538401864139354614180594286488482354224944525002838919E-36 -1.7925713592572024415963362257082437243494396046524267348757219890771447334389859050843259025857345662010160798174777103473339806292E-35 -3.0513957934471661431041164633679513395930040467468607564763211308438849422434781657970301565976971579965697635772617531428262134422E-32 0.26662745344412997189063796175901805503409986651606946192958850464583765488979795428518487353529765146851550574275683649288596282933 1.3222838015234274473234524151210242729964498034956308921130639338564477221075802126412758970999410314351557157798153084734742348374E-31 -0.0061202342422477125093991452650985071442215931072688789605696915509336394602236261001842012617591077088254288504580369099079389774164 -8.2515761907375929277320291986462178173855791133667399897628777588225932570746421656252911040548684842541007872903622860103782292313E-32 0.000048073277876751807943841440198815982551135693631987893273676320965805626905588054413849804274613088978367832012935587667394822762777 1.0975533806892262256834416296731305251097176429011908655554514326717003605546880016055028633215645108115344619129676411330635992961E-31 -4.3697667498112262115746943202645229087407287582386211552003305292311515496528123850703329626068338107292762305725839481932619344934E-7 4.2257293156110052407702677147425598483386902963482773513128046560292869541916520222696668185475928929071190423128105940583769632192E-32 -4.8231656443805742562098502724584120180381388665704379143760757655506257462205472517351199955772712202632823352613408804347244091876E-7 1.8625789657381858636501277424961847839202824689314834792675531338442250959029034183190543484933365732678864408629531343141735207520E-32 1.4951014557107308376844613423179884715975837434604323573525112454646287851621210400758813019561554723770321516689770949710393001145E-9 3.0765875884204104061562570029670730936958248129406935096916821558313960830718535564723663440617468616697484047703071684205199571594E-32 -1.1215042712108947091779075889716874174571996389675517733427963688495783899332166235830651146907143937257792281187479654573643695007E-9 3.9439453907138878523367131921020947110987836021614224721696692031731044887242426006265816750274624129966345391801009806991003231037E-32 4.6776817979224908937762456998150549399239497996660294972688769696390882973041105104233642719323761771509927828408756348559265981769E-11 4.5682705569578800369570004632691456687113695828811468503595715013108305863564087904846238894774329829563582934331058251764301203266E-32 1.4051182558014562054435934046008174362898881705984777271261260302446009227934836426439544695518597739029498729470995594403152426502E-10 3.8985342261826528291025895825750559584643246501230185809059153330717529247912418483794694617614395044583390169611145556102283271796E-32 -8.0243257095990393710574199636835171607066540779043286406336881849558090365712497665215419372143462418184628629683285540695542004955E-13 4.6064210529269799683483011473990657058350477062977994426795933993537115930008280159323578919371803632161583156866658301664814988373E-32 -8.6677724855680412034358726936812462575713528133423596250107476718049041481458817565885702429159389013704720147613002947997751479857E-13 6.7466740079474363844556734978314741370862099536938654965176264848163299076551800271600742595743818322999191001297938409023853585042E-32 -1.4464932772012652841647787706707212258800227468458686484498554603344177509464652156905758634880516358058559927291404430762742866711E-14 7.4464847905848690948570446907666397849771433395959330425965792719153501814045772109221346901654241108773357457643043593547724856378E-32 -6.0749964365343052438668742224342693786532982885919899541339986124895755618945322388440917944017301296303479948134491579609887359818E-14 4.8616389431244310282492384929146675148854826958560026624506749940795917280201796475327458341740613718098668675708465042710262412168E-32 6.2270911838133216620800691335511352460797258198416137385397024511158323953076596096410951401169825513550655017065885173802013520630E-16 7.1339595549376144839851791643428050351252740348228868188249990331673115954246664112137091537224747195029478361270140339121726898427E-32 1.1919190054561249938369648251841072984594129746184637727679210951992115434239301265478994254199284151117571307144449333315402306455E-15 1.2188524358501932955830016189457242045771739337766236351836341583556862488988719668550101409269830898272801855597984435452414044381E-31 4.5098783313082557598919434386146626802622644438522900839553526729706663265698089269309675787106835172353694259971523992015691676275E-19 1.1607097189366190780752935880188444162211034009504351138997233755154316458374880208291428128115240161371686601259017674933973406660E-31 2.1444765038008493524624435938891341935737793146618440086426197330032762650459961601846690044437199426631588829088658758050440554003E-17 4.0832294337856306562587367147401462580188643216132437632847104065702482854792743884069450088710750741185867107828445826848606523448E-32 -3.8936175943416165626171288756637316150346007172986962250728283629009348504527745666389651365293739015961024541044489858291636190037E-19 1.2628545072541335333880429816135311055166429633901292845044108350103342546942112247181831934379740952706448874507392511395510298763E-31 -1.0028226984810820657092639644014712491041319009205036269078167578122378901402519983483444457375641563699273430335409220297379886084E-18 2.2416607292481966913997518570194066596547406773378634081586359911459179891385335374980363065288497102684117206931700329474373741140E-31 4.7809203211337080306178004773542419517208615229652635794377400047783058165466435911914329912404916473180012741593541639160880676254E-21 1.4886435522791583621104067861201089988139088664402300370638135679262688427016569077937260407273862023245358426612073632329001514261E-31 -1.3762210452346359725492189098671442942632686185351921817160210221713287599217515510348667951363431697131149980168617271814980401771E-21 8.6652675709825370943760960500569245027940161728835046648435338185903761057073603877259291516013000203750810806483648110472231071315E-33 1.9518457123542259225482547925055469223703759942947044295583730825420097957117824622772223692069025722730735949325873627947667966084E-22 2.9749220332113353409478149921421017747847535586633751316823439642107603909483048018670028687968320250139723983953530950036627299988E-31 6.8559389606343283474677050895674895565839129042505763044526111434753617269906561149404275143653737059057339167067764174431263263298E-22 3.5611362841151157108600006309339532079644928951995023318240775369607812420173610338266659288201585533335336383217353355664100106910E-31 -5.7928244689410797266666678625671256190018250755165496451638714558277876246916570441853625258006682306572780648209073918494054305691E-24 6.0459799037513748387121144755086716488038620780847279258527605628202833183941279464122053887646768192239964091242532426195555549584E-32 -7.7328555060757807914164698148974001427949411832635199341980999410146786346265562738532968608144367371038903412469791615716046492868E-24 -6.6681145041406231759067794576066710560910614527810384954935501216611930530161240063975625121502941866358544670861744511543465817377E-32 -6.0080193034356146835132262304484586880884647889665974337624691085907788740030768141005740761123996678071830548985477788160710950342E-26 8.4911784463104125843167061551094268197147912441115749953642454175951959784925499960793070675585360877224882181940133445519791245767E-31 -3.8120894945060377074824470265762672775845743672600484234036237386742515634462404521932841485716019416705338968386728401521664262745E-25 7.6673677681244893712782877319204429069797638914536417030962155793935087457985826283439257839872811010752069009534285696715478252672E-31 4.8755756174409618665555344052817136717153274323968662613594985142664773462958311408006735445679950398832365972759690386506574811240E-27 -5.1585616771538922365483748399941576797519338734924902546375391931752763350750239548784677904774837137235967248241269545909983764301E-31 1.0403620817863295069688971328204387092821069380744007105740836948589970773531801224104532679583198973481854488120722801316161417432E-26 -1.8333513802843849626519287239066609548914836892940480087775221192392484184127820969929024172167154671498270459576099964374093495720E-30 -2.1430904786034892035578207155045037577673904198071198420765837163003306963472523621637368239189897725999470574648311057640653743679E-29 7.1544078846120698324757525351339400847958191948618033149665341137929124296847385904253468779166512782345321767307036937650786021423E-30 -9.8889461705697091860524770730497593575449060754326828931878753169936057418326441036130158798386749055021783399788792034337257237047E-30 4.1378459664242368878433927720613116829362494299258492151680553549753726841763640584518687432289509488988622536630780319722457610289E-31 -2.2210759823781269684540768993758521807555241265248311531343349315199433881223478164644064105037055021979572580722943139085528955838E-30 -1.3914851279849727123293366648220532601448547177899583401336682841945650302641298706166016062802539568206892174610768657890378977027E-32 1.7675837805768862675184678025719859100528783066922158781378435577896502256648577975530990491131669998147449706727715361678359943337E-31 3.0580885697262641332513687871675914174014716192181370757385431508413536110969056439558732780436033089584706298139159993086538788469E-32 15.710679728088579955364745346992846710107900760670665073036711069013709644290653227640012147044510713883690225089032151749657435179 4.4776631239629328504004734019214443975392186993274639665267893221173150748760685672971011128420353071161110476271969442709504467419E-30 626.63855254727830275766097645990461753559746562867625649906109477419398832891953654573241246678578103034029979713100969783239763333 2.7708096988597429686403258306381360960996227826502570705334622761904308679533808646783322253629891604922353707114532560273382613026E-28 3.8592797644451864593747711385199470848730939608338089122093032370435154143126737608606625299265129493466248862698998946538483092715 -8.6423780730147085456059310496044990360651325501546662911074847921250227110547691150354767484114750136182646300132561689969668517349E-29 0.12375217572952267072194693165015413238976484837843587105497718047774743463600514559615148900802177472634203129791269489217283324652 2.8074481203432510348265358823884277806737127947973660938888453743625555348281891730717631799358060047527420805455608816870611052378E-28 0.0011153688455287130944194672624538094537107056414414310290445642972812089893801019219223734373278815230526094659974009497714521359724 1.0560223433698922840194344251879076162469983971032363171656302854982289512687508890345648693386404315267333385058012660639019355202E-28 -0.0011276117266805301953524902885684059558398612625865201629224720525310126876830997005634080568777554184932146646967275796596564876603 6.3682705089960329294600346587729782155881451810770675684577850745993257634939910394394645288008067178510137307962085861640063039320E-29 -0.000014300422132260329345165411938190646103918268303397983304152207322013361809054411124120484106197174219051919718077732494738428529312 9.2358078038945491807114994436981743340110391062828363709820455624938757380231446347715875628627123397105022681103016439193053170859E-29 -0.0000028115255322087631227608451753703749782897620561940938353461585316141049233403798533837660640188827586876486392196704325866094069412 1.1760057804740717032786097505503254943899054565940024830742147857015874311247026614815434221893467925020481420265690804539612654392E-28 -1.0444450406436142569758899563930947082772079010084121453844533226871188425102457719855469905574463466905325259239071505187340390572E-8 1.3314868315518274278353132280401045385229397905364382119321316777627097210247920795709050004726018463016603030269543113375878556577E-28 3.3189181406218654207741521129726427399564488868238573715430349489929864081598334724628196854197277592506521294519464017205693132174E-7 1.2140518842146562996348377623580675370505959128732088394099569202934636474601464981302752274197247053562341468065208724522577930018E-28 4.6222670667669005875370259183294034785214177499292854315999648020471103037879015798633640946193964337300365708663075904083875434265E-9 1.4304564863977683037640396152262626328565473668414953472901539822475871054976201827899557261234598790906578027998377742144175906041E-28 -1.9953527004547963327416428475120349014402406413353972661130913670043962216808747167869361140185100219056694476472484505496203249573E-9 1.9763759133452668908206082923974187755939026433124464652609042702350839994963583945153937981103574942709927315927306199421768368362E-28 -4.5182055373173204632488799789596735316540120783609577222940001885904226484203339103097365780419782418245853532629699209329800402396E-11 2.1340770623004160156421395274346927578653917190398330561799755239114464960314373983308578478199239361098505248577772105718262374726E-28 -1.4403820639560881600804530241493491564340855101574070163521937008120832202456470880035289646048607228518564938331674520058202302767E-10 1.6121926214903512557680340434143685370081598915201111409657960703783087002617602877869705717646786805492681674861960524427286096623E-28 -1.8994785794228534723895695510249139909747494813956556753899452896551594575716488533159494980011900134064094077569108459478347711281E-12 2.2357188213561387654602824229662348309965740516120651709490318332501162259077809611757324866042234271848893315884032189298532946798E-28 2.7937581780149252065046135926365941081574781621643736558265973655813849948055009003408447763740841456868665261265630691194140179853E-12 3.4706710077045611039988883198676235937649974103362414188406116274696847881580933292375751047588979294010355665412215666685091910091E-28 4.9550398510174231238509612645655727532700433010299568065395773734404816824966567029051014514010072639993995372480611664569636658508E-14 3.2771066643483629600100678175405421287300260134626630682039479094174689448693923058062741998906699364385141284554085325226978346101E-28 5.1240168031409252611298667419152612083490757112475109606858551246265217963588112173482856977330106198154693262736835122542792050235E-14 1.7309366106385019521454518784652405505177197929771455349124937658481765959904607674994660917153455456955974686439318324570505599721E-28 5.2893139915311581064054508692419492904040728553713795223891425541023638310749189788100073028075717229854313329085677479355241185288E-16 3.8333719831996032868276873336621061256929065422762136914331544025049902603679852468118052875391207002100295650056580924259611913342E-28 -2.3628446204792569735200105908216894067734952136299242367630225693014881983004216371023319649730350454977420513234458522016826515652E-15 6.1550200252805352208034645335423151616367733808547262594082414911619313586347230761914767701418293781834721987717664440988656096685E-28 -3.8189509677988106736119603530621168362509971881065805226904376387849248338313269986189924751519689008659887956223300469474274364091E-17 4.2992551227461722921304738615265981647484338298154905206692305247045610033416642853123260148254916868174470789412550474328707289227E-28 -3.7014145511928685326286994687703743899962402733861527444020491593345235755451527651558012373995423665173807345156232173152453622234E-18 1.5669224737400367916083800295782918092229496165310988687001059026556614557566695885521318855536532378871122513090149836122184828023E-28 1.4030816137043723871933597380562648214544655197430559140736394096117839088605147620775189931830865534325224365594878685903514589948E-19 8.3160469740876630121507216241066406788209949580174670147571273029118318201222277317935400297013576123687573387757155704825688823724E-28 1.6212871658038380145242883129407805186549158643699854794860701827186273448463956571156201397947924528041398826322661293342217355671E-18 9.5878677879706200780483952901749386317984628922330757113188216543273845694413928797504537176759985266009240263035041290924565474027E-28 2.4053495464350806673041156378811329448349860487069400454659420189891591607787784252223766427424683254664831393612562456224347941913E-20 2.1906360259676176317255906400039598794403666918016114144300640900260407459637211605787000041887448504496416727024146314973403747129E-28 -1.7982685595233725248526866763694752156993006761821144030252226013851809906215215239534555201736243152233742258556688667260431296323E-20 1.0669290530861678548590820009423600066469501441111102570518032028477548286545770839293842083455977100284332127836342264284882518183E-28 -4.0783051593837629662396034221696766332168145459657750268630347277010283892889008515162714236411676416160167088930089128243623463136E-22 2.2515608675102580050846086277420276225661858178134492808138203845672942554720716249379242866887569022058149510261782936432764626396E-27 -9.0540456078337616322408292556167122896978995390366656575388201809757556313968872440947831920142543401582217379634000965547435616743E-22 1.6686453889206515789571557684229713784374324991351954220385237653283282298117073367897453580382059668972200247280307127831671792851E-27 -1.1790459151577412830002307941954190820083613817770722183375817994682978786456029272406666931997704529180264373232830075475445816027E-23 -1.5000483837643902237541683277362386710709124357838741481291313051284667137844791009950900287704077370263162886277750772858799189759E-27 2.4418820912597633245802199970359359800230334166551198547007891519148896854819303827901215283881055219917092446684607296452082600366E-23 1.5519874469199278871602684608665381565937270603204174416483713492842553758732920703161961297780914093463888305006779468893193140028E-28 3.4784198575618790049719478219131259612737435592590874525904309405218415442745574118252613014184396876485581947219782752530569855170E-25 1.8016674632225820411636065897484682707097129974081956807272895068448658613594175580099168504594031924323728401710062121644010143382E-26 -4.1735722302019827777111793298221102507293734662687582638570878069568851899029171649429213803832861012478245849154396434973328316600E-26 4.7418029466615421824031607655038922979497993548413766753086992599508253474344345935519829463483735343127226750283425582796253881240E-28 -8.9635111760433670316851165424939508147627923354033661276694456652501427848212032512807812059505646114241868030269407291723022948818E-28 1.0851018800322783765963125022620039990793161284611113794587643966123224566277809095397766548857951837099299249101187829073869115021E-37 0.0026615069079896325547069115769179137065619400021335239198397493355656446270696497322310865641486335898304415909610231469729126537103 5.7734647424068985432231664985770943750526005708561238192309862446210219761209028732522981005228573826300522484766729825056533553450E-34 0.18382533737090191681529654304185572279163483747731452934179839149355462861077809752219715249526249349810566384220114774548217817666 6.3216737547563949957860435256459765401114855990835977494933335960665873709079271648587731330469126068755428475344276171138171429508E-32 -1.4072232426197066857151263060136054733060674108411915486039996891072110627684945460226092719840719512514560146963183182006667572159 -6.5692329004756106712519987927987323965858584745960179363980546595412112891933284909620150210974144187533877874320602049245767220127E-31 0.035618169259348653928018155504502698144008315831162375609470795174827459552031716389448164271259818167013548619503018696510642622046 3.0609826934499687114952736900693429480692338074917200601626656780251219429363757308982948158652132488602334070483539214157496081831E-31 -0.00091411762584314597253378453016866554560861335482024285985631392798057617868484361167326508437945876731745908213738541790362156412101 -6.0723055155138917123682649360759504388160373915521371965647573761859384306016005908378833406514411041042843819512562919112898976250E-31 0.000012311553119689468428167746107828504835271510188847364160528079680961225931742325742351905196247990138250132856607519699953515674577 -2.0342456040892048386731076617918552625325237134459288278403948204513394657868842353362183573182658213055939853661029099742266533601E-31 0.0000024297630911845870309806524673889485818140210157380983209881797076648124462259236785042591567732585574308669916197866859160314161016 -1.1135336500734427652819964216171202631667096963331733138992956914152359944982845538715760740689361532118225103470146402583348514868E-31 -4.4454841955874223551371527776278392251561994850478796896141111499312177310070739970479323408308469874661663565018352584894314448763E-8 -1.7193427587790964540225658620987870612060193024507429867356309141594572560099397491480029920493162266602458656759549132913030276184E-31 7.3050984201600524622075388263067873631661606209562041191373086939375601864283047821197235497716572071685444842446635652454522386785E-9 -2.2150328542123355771188401419581289300540834647660290961654563627022528788245929784431460066610020901178624056848886707613810378439E-31 -1.0157605731939350138068327089964026845304438560320625041315553554144195942057233095121475569771408738943260305743120722177086247174E-10 -2.5812580085034266397235135352533401679944216456125861955195553073311252656125053982324693467341438604575438647426207299920147771898E-31 -7.4466567930520697843475852198394170484069645725764631483861901619700304419810615391396227920641057343131587344864512026892466947170E-10 -2.2550509659228735768323469822975326213467772600744418090602460926541812544525657981856566975733499069859321700003684448702169799812E-31 1.1889467230872814923635494136396313718269472800025495967946356929351388842965001055383595528058670651660368027486259936115097473769E-11 -2.6021917501553565558107408973767091906498530920425356681798580625803644684941627951706933101219788287179137602824813332421910185379E-31 4.2502053623749856608390735026374437443558314241189515620695092322625448935318432923395471977988151055969447961975787282231914249410E-12 -3.7537661043467865680195502992825301314525900337764270776636304136783576304998104443791812620084760470795254793319386451347556255497E-31 -6.6774694497135850821025643256303284843711733775084743517453539483181686699522608770182790524066285053617207998768608019206902289586E-14 -4.2219402457206805011564429953622603886126864210517063362534654204618700935302462530888747015105610756067500118444900549219170605841E-31 3.2519465454712399312720804185423411579335649601463013693333243217308808697960420070108907196898368091429817975516623038952110006000E-13 -2.8872057322351828993371021367140805657800656449756214603665425917381497016396614969575259608779306033009515302786020772655641367222E-31 -5.0094737684099231257953719487541446470493030479149441381726903552967088714851694636006813376286410828330670799433827422232662344425E-15 -3.9834637940329243226902168127766831498125356333190088042780611148883394890681045759521843071124630047041379049308227883302092530922E-31 -6.1867876416937487900192862862339647384264701504478501470355702632251479833651510537132809707463880619697359296984326992082599375572E-15 -6.7230148484192404395383125216510952503799975748815966879945625977811234545874527693207146371790840380114108477272101430604299347935E-31 9.2515974476484439205495000356244421532131502091285802412245755343648345357476759260504737647589937974938964716916494015912659329561E-17 -6.6636135563108866678029360501440813596961667768993105701074198706008081390133640746119424190774020615936869975883547519682114408000E-31 -1.1688905840908966572034268209442416363481717828788656373999293246420711384214707486871650228409017698555797910794645661162670053634E-16 -2.6649076837660906218124780551509312226242345470463562919531882006464667332262296365210101198358224264756861987353803327967591823427E-31 1.8049203274598204342756820873851853951298566482231996827025476022509859685541279501384717306141744632320084652440359128508400790966E-18 -6.8359801250398890589340600614230918169687078310103719528906984484918578166702065478226270865486691138057317003641205486548550367997E-31 5.2781491057290412426317910301293946085330742914847741016319054207811477842232407182400019663610655716851252091888823652691781192196E-18 -1.2325223208519027443782898552215989431940724012828029025360548170281299637786943161740160730977497623801605635634252441013903482120E-30 -7.8045809089570486061878346069876207072531586285479751623535441170201048392795540602809390056609148476042230257999088616859494331944E-20 -8.8764358139268021624637864680597338233636391880831609999091673741410952049513071701833293136794251415390280164572211881260499002458E-31 9.7106310011402564440609895398227081528741684223463538985698885781153516047044670570292629887572655498764469108479233189905314389476E-21 -1.0248305663703770892736015041540803809462052734177018968131744924801849651244603719732548455606127362863425868681993691068006655849E-31 -1.9639112505467867914869175525851174742608015690783689847456747901666629890107527918515644865753827118758867074729129313920773214299E-22 -1.5897095758490488156920711259939706028767163882758187527648161637441515786769156096999839470925254775557786670182998211299677171180E-30 -3.6399220467243960993161013567916497062200973355710976160354493938790240428566200554433020366531068549364944779755596764566694838773E-21 -2.0215277042365847027939028166075505932770111238891902893093665071649562292698115600487176140336391884442286385328261273853823542809E-30 5.3793511596761651959789820859883582128757033876345625389733920280573904152070676365411396405553973204549485111308137470924725210541E-23 -4.3647415166212199798686566563906488372863584053069878173210948135025411660169447821035984792938899548902865875756588070830046591312E-31 3.9470642208805203868255089854787797136418805064129670396656542321081278413071685826489174437238436944784763485426651938123841232082E-23 3.7259828963651490761168747745995055832891145279939411885806483603409741017973005962091746639235479018736440298420043672440810565884E-31 -5.3784358832750799520231533880352645576937638020314108304574022562234997079541913841547674799697935849333204631263464210755229420104E-25 -4.5481615280147394111224609437182245747590287732876595234642454717103097073461407075597329367314760391482754548937065973155583080064E-30 2.0436373749935088995117209767331032449867365495348118727783710684070008219486606235383977917112484822820369712312075724577597948240E-24 -4.0184331991723696711924641480702133660933403703929779205755196461587900052421156454275105059562970939908569492732970710013868420111E-30 -3.0415974271849243530030211369131384954789891765783771532514275277495049815016439832917252587316442602269195861962332207225907259593E-26 3.1718410667148515399140106331503846758463432959966800543852899872844521641819049195618729808334917671423078903018350338421489000526E-30 -5.4368056509410139386590361647170995820415816199866685796966761965181818742513355684218106664046588428656944980178818037756224692729E-26 5.1871396006780590317385275937298348629493669314654089337959891158112218352372222475291794526744039574022513093249649043654411950678E-30 8.6834777591864944742344095648635694259659434660168245922989258085354798589901510706689371845290770330567977071360845174460749823028E-28 -4.0215109737652450726094559781926077531137174705007215043719481677698647728094892045897159807512220906514998900758582712511436539140E-29 6.9272015225129311753763946410973522954343529139249785969690494955178877331058022328117904284144972886831227981550292689830790485720E-29 106.47626944438610928736926654495061687199594204597005798908444350518372497083749782949693180331668060277985573201209810717660687569 4.4582719349089724776228635298660887685380371767383317735971517586879659314732560316926182648935500789879134201295954063485024059682E-31 4255.4595795247153249026407550700773794227766151384646084708722713400408573460789663067363970480037400340061908805353021027884696407 2.9640482676291184489761085552469494775713692622044851227869546897998498532998173705121644868265550033193501718434234912016862108157E-29 -523.22833259114307993735564748820802551576211521005740023564153538041887598663117722840590960622982559423855380441401819555956890554 5.0111479896300430783163328838574437835127096157641819803949136693629892642059820449561557465760245682355319971656047502587608725719E-28 6.5531157297644787196624419055965694778961991319725395475977869251719422879474023921365999509436668742861276745834750723845657496156 -3.2552231849205246625899928867584536061709935593881574170124787168847805788425261894841143967020836104370212952328634005971145236557E-28 -0.063213940369476957380913389163191870975604584651935668048402938196434098228735640676524481530371144890784516280746816382158786295735 2.3978752892182373997834784364014336144257205838988338492500519715989887410521041152369277987823264627439575762834088062739072360150E-28 -0.0063221265138363514590289660329852374370976436835751075705173067958431392918359503632348702646180646310640251030095757088903838682401 1.8601983601596619514046273527897633654203832346299281145490469802206484124718092461963794364812030383177557507127378236374866166962E-28 0.0011602416310931567264826725017886507872213448430224847754994222062289046549270686159678752577362453333775539064306847783027806644565 9.7925937708211708465880145619178627096719418869334231957882597640972512466297524539842784309786637782484833003024749468540179018004E-29 -0.000023764493358351195773649784791687438752366848728064595120711386367671638483022472402269876437266583499223320968512502360924846564723 1.2527258901594464997279544259961793432057713414542153913675819253474652301789962388945447725160401477709485780263715129381119747429E-28 3.8693428437697445825624719764027231094308103308565058011083135606212851008563656443070674411495311224971071847206253372547613560962E-7 2.8595480450745755193731366596698391093144738773331409410288351340560413608919696363519442048909934337504778964524676155807454349733E-28 0.0000020715168074094838621075290437185228494329641837061003248187440859073135917261440917285965773680812485799037675338073170487482123034 3.0683251730617399793369473998953787944952407737291374743625614643061064254666098882976817797177069504221600338122494915826256233896E-28 -3.1626852982570982689722100705102893983731297174642721391615471833590907963886767541841493467967960792001543341663066148277171059294E-7 5.9694744178320969616699434008676787856247384284026701992179023704678467412004514574407418169433348069180770883482295729221312534089E-29 -1.0475647122445773105466360652618782186579365900623030463919562267996164551365661084395449927643157428444731471570135392997265403698E-8 1.7149012739106698640435655128653260718542906209806602969091433462891668860552414834139145001778917651080799357414814246553457760032E-28 2.9911433605914796820273817239925871602388110966714326356151168387152088376639042566664605038511242320321592716566985816387169955377E-9 6.4539420313602319685206967655226955131673114367948003394033814037499000628995508556588445936154937775307194950195855638197679482128E-28 -9.2102349689514147178476743753132904750328595694704745647471373451057434803506852563830192713095759139761946295432146464716851053118E-10 5.4617384771161437684640040265870703640661920721011302496668640545335421878613783120970368630327255533420779047691789497469685619517E-28 1.2247193313774631031152482153913530041639048434230883972632596476737888683029308927572301595506895725387943323819544579891499988838E-10 -2.5871058850271124714297223778686640304731644142817700137713487320229230027980764660161244819528959693531918734001002034463351405060E-28 1.6662879279474901537607350416361533857714852382979009763550798339174067792163645172666735073952286308775733037135357921915008444621E-11 2.6609850007325702332843402640893567797298383316785563553742854879203571949477413722659301216502274173658124435300430872416641109974E-28 -3.0932603508510355317534636347213825650019805293684099091222529222602334014305042338181027847208585082893063460267403714788154322487E-12 1.5898874407841326949284042307480405865371020841475335974628475896074329882815506750303077959731865424259759381417063463840364327247E-27 3.4191635971225632362603497212782416388058189928122451741377501426937001379131746158293892589197381033262084381750858322949914728415E-13 8.3905265309136150770316208365613682624938138760360386632053138422526638676452877497050445981008574993481474734086816934324952433798E-28 -3.4050557262903166148120076368663571153187872834677409374478553011155980334180615455075818103581484689313911281435973027192709596871E-14 -1.4243686563140478245077076142995361272132013567416333553572642897229901005192499983046318597421384510983411947057695388557706540951E-27 -1.4552973633810564011499453564071340919126326679277689248336963984367301980063664345433736547535154888558933028480394338169480539430E-14 7.1550696222999025333624391552250798062383473694021970220218813539479046806177561206780207667498576601652113478844048953776049993365E-28 2.3301485991981197390259931315358052121060688422491914775309643286356011336368570337200819542595030630828622464070071786762374273548E-15 4.1895102511671657657344138564749946695403999209858609148801952611479835426936625809863197770276430973104628589636365920607914743060E-27 -3.9597187370832863629838059761973602276523089962139042010900707763846973048173599784941343112159725918254487821760356456303905550475E-17 7.6967933736255241253092492276371447319437141507276124761411859962176485074150629829113463460472502329487453991433209363175569484074E-28 -7.2507878360223613037384410538162234121883367604313090677257053337772810205455966777447428083409260466797955858098953749168258995835E-18 -5.7338787260958057679716441572425393104312312762576799466446452254633075265324866805393818656825156936775798741179506480534214989505E-27 1.0200203043045558232775202703931470105861406759170859016326247074114197942896557412251668125518554591001685251701610815475857261477E-17 2.6951076028188348471060559836006270639246606345593954703856835741169808195985793601469343522370825626432644522402866320935373505657E-27 -1.4560083033022954323946389080462300314422335121889234333164874406600622249169600168743925293985351256005640330679618600126562668793E-18 1.2366012622444028984191903997765413786281290213276545178262784487430351655440539102424484078826462310723088190551075442995916813792E-26 -1.0208934907106263752508954020944136128506271184990769334471403201342995833791224785750916613122871069834403556518261658308527107750E-19 -1.7972329243160825344001395966308705051983504074750238031582091059891222775095601124396292248600223497774376228266186810281431050880E-27 2.3446366905208975096152111221232122226451584108127070808223637614275315828112956029583203785746830669653207829091140695611807966004E-20 -1.7288485519096399729554979760181977045914423345552014379078489294953626063432861715177178319777688295271845771639840645337794240783E-26 -5.8368346827051093043215541334146609032432292722633970891111681879512891182267688299620762496045927904390846220335466254302418941190E-21 1.2091695621949576780135327398251576907305839524338783730867868514896862644590188703940830107212020901104069274485008308861852113006E-26 7.1643402947310930373394517223368713290440956250893635092417439657619507276080149499166734535818432633238594431330275047246657481443E-22 2.3012971361891344643858836209745255917753618977011448373219172551108508082895001390417929951666417823857377266646525772171913365814E-26 1.4759573309169990651370461271882862079287209237397676320829472817214146008672997324430709524117813334329969156054675755117834911205E-22 -1.3645962971684707242640901594740608038847890411159848821344111580975325693743078951562162931286901166774497485769082785046952861534E-26 -2.5889411430433987220243021642359867292568304764871605741509507629976269976316343470450225948502462860497240143148233128698547010319E-23 -1.0749133080248033399513048318838125628121640084282779280312097540951207819388612762747367529744985058982844838106879590586244239425E-26 2.3585709583834312320422308720944675255499459279475793484456498747599049711050918431973801090399446644084044185715900437251504561065E-24 5.0199933199659508217653300063772763471633103043326862571527281506378403156341754471257375190621629038798012773450102421812229771938E-27 -1.0721075845669311011706369916782139963032962101730068114298164948852013830243835772339465676314659129426487969165549447349316610057E-25 -2.6930912949791213620064991053589455976611314719649476253871098655136731684540499751378220239185840087866582738015849273597804583240E-27 2.7430155886859976248733688097992261718762365730968502150116734776846747312190312449971703969592788208692631792235856858643966352732 2.8218083907265200128562654960245369871873191565647882318409350629055512416301670502180523197208113933786572180751618331811801288727E-31 0.40493760931718576205005022339980143057302396482308767615950198636690290563217919685447979255265430263867848331641189343635905641122 1.3002276774575541248263104951838410861441867682030541755986579848179376852308040698592166010823023681404929711888476290257493175450E-31 0.013622065822626976536882594312142330432774726817096326337073818345634420826589253690473829094570509886706576970073219458310192599736 -1.0109682293006966920327129547979610642751819724083522757684299295933251286484259630068894082608321137342415045175882454102569696792E-31 0.00024429494843030454932688645215280453675403125756512673122759964084773982440545600273063304993207454667599185959777939455521946769017 2.7115656599798462620541167718966326912683370003476093749257874650084711872136669562735302405423865383901470445078259414248622688025E-31 -0.0000017484517125257725133128947035132020825158693838250643840773807003098326025529061668887875507347532233702447218903665747153441418200 2.5724598162844576704268091869528477593638998569986008557102709095697238183874907677323088068514286053564163223709643314528366987543E-31 -6.9899276401244643302866662558008499701952842756490144688865658463216699127896660794089954294430508889554507473805905895637723608851E-7 2.0042130573204992410897158409351493949919661346687736128330706362559567642983613163816478257246576635210267903001921198734758094396E-31 -4.4069390468304484402850480583941277893295565886167871489179782354636771228956008948614387576434453017082951594459420014694962092861E-8 2.7269231409898920717232798348980029224720887269812003432206793990621228757905598560912428054175117222817755664229629715653640497711E-31 -1.1682094858643688192625317535684925305681876714796951902978395377324339890614175776658095652186458654430402884511669256191543162888E-9 4.2329797383043944585128710353586010232315365611365987538402060061135965272325351884195393852395554832931005128177802597195727904130E-31 1.2995024356539609168985631201432992103029591138943887746423656256448146378105158219285530475467785387190172457876770703497162562373E-9 3.9193682113973995621658138669011665439464055061182229148256746789157850665743570830368435543031929781400154966003730983250844559086E-31 2.0017069850856585428895284485636079570199039179317176462257063637202894032710687179168666894809974592921717872582330067138559893950E-10 2.2985306610598357504720874118233572597818291055470132405806056971923587952339874788171714626976519583162685684204803312313243462244E-31 2.0499899284000605832284190713173723910800404406615067891187916422372160738679376757703471916522602753531260888229658049582683893638E-12 4.6052411330540611095768061706878527480769585781697790957483221505755512213856760160829515182505594016235272193292390271295502312269E-31 -1.4836077237602322089139100415930533123788324249316355738729226089378475724533443631523593167776449064469179739497095471774541671901E-12 8.4162482558213060112640370839260540246503907355097657879622942153034598468975161898874199717560295239832551737450052766853098282659E-31 -6.6852724850778403569851364862968260755394915919811391518038505404398031723087720882583626706016488287800900381606049535698728823590E-13 5.7977829327638817694726883797483218604011472422323602807849278782823089685848179501674175348465674498616818419544272291870533778869E-31 -8.2368958284939243597458752670757013568947262169541048543730647489056481027249804624817410794545024752522640442528317117227131395727E-14 7.2861007997241671067546045354457407277240790596357339943320373492923788968413651886768521311258725075120126373071415003999228114176E-32 7.0983101404374467524454436731203057623562734740681217491723229954755996427156571055901638507185057773010354213494981201225356769945E-15 8.6167564515444546201150260823900821112888630573669466931894870968082627714209981826235535862107630682189880060671991690063170272781E-31 1.7817993659965885957853189500627214118865865607643473567939142405529047910343131699095531563119054091760954938101905406838497563602E-15 1.7869725894920793098035211791651445491886981543165646894830117894577772295034661006058591707837993443091205209574595231858082534243E-30 3.0643357178609015336588030716251370976782225778825287835166064869033193291299145664078264840557690532328778645248962058302701873988E-16 6.5221680390434338882903110182220242129142889845575792960260857109599201059712388479291430358356282182519196125438597638510995744468E-31 2.6736851233759812082296657099840466698108085422656204430336273406085259308645214122568939855362780029584193085555013354676551801867E-17 -6.4470458195852022562555223725286730568899292426074472623168406036044788178279924860942752145587935952698169077084133379698649270362E-31 -8.2664119317552331585957464530459693502027991550879900759840843111681043884596653066908838293722176070452724503447927492535151649775E-18 2.0294782059020732570997927968865699167438498350865261500101226179700953188799886177830335035732857128374163390725181883169450198697E-30 -1.4289247281057474124327931106091020139746269158362416803474005720766982804349610110409968083722749039352782303330200672562292951717E-18 3.9552614240435981453776331157741174222992005281093414743743781466473345967845873869260631912990186580151420557532514568908525524188E-30 -9.3358359609214606576797392403004658532649030996886897630354216105709992672264946892665599245523116562999283978352490401266334814125E-20 -4.2899011049358887425121360505945155309277281727150535103497671300818010170347311692320873838540585991840539134256067611885849250287E-31 5.9257684916213963713472704283497305528021459001674880019676546399587972926598884788296960403195834886317990664841540084634771123072E-22 -3.0911843936623284244479606612760781122799226062275463417018598553636021463524211765917558581856262034694241461611913647852954005030E-30 6.7043456169336296232389557845271312517729901592982275470605699628800152179008148666460570490215491429771691169102198274843191778974E-21 6.2513190603342228539421696755938865025602831007447073484756957465521901287836070194414203019246536365411443741373554615596182361282E-30 9.4173158707977884498976436028089127262320234808216365316074328768140383554186890402739272013813215927377126817707825338189103450910E-22 9.0814417742977317935850818597991329050901632881044736082297279136549224872879815257621390650184578454034691616212119362173006171023E-30 -2.1918435641998287314025771158789960137929614330670624579613796886979606381797356531786560798607772141540841704653523425118875663724E-23 -5.5897802807420441510712932934092966055075699131949390163093562822485492644999349851759399844286164100147962492290325829560341384348E-30 -1.2329206272347051738024363365487879395976535493136174088185654742165422069705698777726215809393962089476280010012664246048557649085E-23 -7.8632242806894706184776873053843603886927023804161358608439273540839197358530759968178229647112328649661071072592391980437659231618E-30 -4.4120121725859795055251189389891966753933682692316219546230343983526684278333778134279731459405028155436862673807981910834219320824E-24 1.7148224305298715558993580152431497393204344025766142298805474673084881199214949402662062434584825768374866488145483084772846420500E-29 -5.0002787110738818340254395596386571489968220315054258570399763791515669855537523181050230886444659129680650320206216863769732437299E-25 1.2430717853778254726996014817790880540155957227245044297411556750974874379780647331608056569859269201986322854361665302830528518557E-29 7.2585265499845922418967310096313954917781720239085262976376049318894956209714936296483298892633811178012837104051997411518092222922E-26 -1.5759412015018391538088275501947074747759869972982087846273640058843719562621805138628130770540809674634329444115348992118549378326E-29 1.5203188021473873398409315971191623594024217867186737384482666583369327227600359670038163768140607068368062878880879046206242815908E-26 -7.5144743430757973990354509374540826834686357435778071974220578538755246387838294300674674484934997348414804399027884211783909266960E-30 2.3210560364625619214301475970121845058640736693101176295636403354410126320542978042896755146910714106252302660197651435687716847720E-27 3.4993185789744612064197581614533660818021766680601772327191338790843017430239881256783261623086573260401194410438494730468867073158E-30 2.7926809730915051546219516726498679008388616923875786482962005314850811207112345666997638059496349669740567806446178123816904045342E-28 -2.3293171970989774682857295604526589150034485027997451032393848811310827252975928418136199142466473971614748180788470771875792099854E-30 4.8456566857125489365155955171035704029917059977279998412882848456233754133389684136417057664344770810057522521899512438498208907461E-29 -3.7008991494968588326053714584116167205345840283654895359308226480668563138182017260135779753392982988993166289104152292191424326948E-31 -0.12686449313242057403158657055901666806139355868007478953522171911689605568381705965134189108083726709411957228836353666020833302268 1.1986828112905488906922103802318905738799358654664750804184368294871202105710702057465342322447434366295176571441129097480034696554E-31 0.0022457261027685229366398559862754291847506945501659048704008480111256925696152226926817163145254845707454517175438973938986902951369 -7.8406036490201419620256562279247167056069359162217083354432182340046505507710649515498503579301627775519115084606480682620318344808E-32 -0.000024984556214927171419741449807722679995604348793692013546287973222899390505850722141712428597136214940604643743586995667788540236622 5.5671412770134921545397149624294927380074880670147466885014487455086963540650172373060864546278777897128143841578919183352487297586E-32 -0.0000013910148233161757140214979012536740712225718909690818604620072524593219838572511842790697967959990160337403695712667876588435626320 4.2792834490947085697002689234240968110009596326551141233967434895397488560805595477619875721744532333516933337992413436708955627049E-32 2.7699814974685112758725957041654611052095592221020859156631209694516568525366683069735333643799342503255425928664656583277392993677E-7 2.2038096421726169638126588161875250423945045199594140188583248767403241997503634267881549348676759552405956455472592766295908873736E-32 -7.1612053288591132468455824554704660752754038100478704733846417323166136236974269933423109851363212368612982014228298730106658471065E-9 2.7646849655283361500301279634265331242383530453888942171256200344665513015102265301214287657874075212325444094038627725821371169803E-32 1.1483053269948682505189202220911649520016551377789319864840193341938604581126775711455451401337970835240370906638191241921418929257E-10 6.5221661167258104654384405629292818312155082750105782276959491868939799129315180670865099108773118349131020805179799871642697838907E-32 4.8649864609078291947524226127476807079610234201410158554069752862630336036440342586959989289641823295820588805037162172819942932311E-10 7.1356850136190540490931912531120181788642352388187789311095969432044612776088900805370775847520445481490981963030387060441585054303E-32 -7.5917752697816855948491372636664900027462923887868180984239573024615044403392799309926578804815212968659394512983453147677558597829E-11 1.2640825053250230244052302350102924554508368311416753919110610995318358943132479227510366894853013674903981128846296312815866121669E-32 -2.0335162931916813824884902356588855698731393979798999024073772426923972661629548297403750504868897118465476970707159268046690499921E-12 3.6486119553702554446472654765517770249057008755682864738440318409943994992838514748499904034899516734112854213203164350460360172165E-32 7.0986284722347081893536622180561353698050077634281338909655525491365104047573531115475624203589578475757333734446028810975867592855E-13 1.4818182439214684690423985062495330812792561706141729794653047368404398626607522909213766645255359432586502666447159424280166097542E-31 -2.2059308955540854863624696405488002352455702820990644415116924418181442823720910194288740507892400868062542472308069872050274193312E-13 1.2895020275845967911920677853355130596977765680436109310355462525796278828996613313851328482861012534306999324760405158575293874300E-31 2.9508988209298015253619405145553640519851882616030851048602715843532287109592706797823786557698655185640159374188995529203987600903E-14 -6.2970856439049854455976069714695247166712189739334316027664221463908187564365025325928446542538467130435145326084676720321940405680E-32 3.7510038928135383185211403277497236023843105534503875440447563576242906201315548055477178587330488034263926959292933966016492562211E-15 5.3663005757158696602418442589908923820448885545348951136842716105054791252741611980100144278165847356123393396548498877355800514636E-32 -7.3963158954515913699476498148316644519687900225852160308749861756151906811929943238813822882711363262363160376976747345887185883133E-16 3.6813210515613719517062377544715302326480327996242571742091125803928139361669713051208973780575477122961841271987271181273122232058E-31 8.4587672872692078040339105690155922471310508810984328759463756786148527114379154680192220825778813622738647679232225221020667119724E-17 2.0334600003384189908386585022755356100403181429834418864612483742277250674507065523483644326567958655761478300101253883789313791720E-31 -8.2778532191736132068017438654196292116973801528505007060414343483438884216202987136067676794707206260723266353589133017416949567333E-18 -3.3966238993820941084155460300233267942244532631389701516267758627832855002301500488724172781928396317270958761069684922541048876367E-31 -3.3750845130224266031895878296788088418586109010266347200530465294893329919381090392887380993956894535579890322366187809989665471190E-18 1.4575407525532278553837339496852983171950849912715125509395593800772422294037322855187737662752761976748132346062887180585923249275E-31 5.5898509035553260322216779049369845849377589087048293193392799421298259292291179910734745666778484716222382031082256295640717589412E-19 9.7826636396162735190181394836168954801678235292541156241853350160311556683408878578775577498700945764612547857241298271349332230629E-31 -1.2477167032914547850722742249831170718273506299517880542037465344442295168141419812971017842166788504981668173237646214278006651041E-20 2.0806673854452115897016912048784464308787283654542667208040437136708777908642412843731016009305408553430303256040301417093172059232E-31 -1.6687584986134534199848410316213518402936580069713621691939188582511633746449503174681988786521264796992271112004919633127195672982E-21 -1.3624760597085915250915485320810159802090667878735945355137477180952462056409172297989794082144493143870764442416357954919864890330E-30 2.4079027323510349421185110269300186622286746571100995476077987713394534977572742378080287708004495086990748157279600334264006152305E-21 5.7129003313430032586068208701321101832762710926556729737477121782438677553840829258618179279279126842351668385546785483195457821440E-31 -3.5024174733407292287434121804559902664889032265718180628526562673726740120963507053259925730544778257780065279633002181213091951021E-22 2.9084797148796657892164952608385442239462013882630215944619850515784424126704881580320058507934245494831024091320792793730495808917E-30 -2.2020990887405955478883908995489497594239041005370985091807650715131639119574088144013469198684913928056841045862854701805151322825E-23 -3.4236494146330376770730070104023127831177595369665730515914495240204574500548161337095207515671683056348887275870624443783845496438E-31 5.5890826653320135606605837718291620344058524239847667104079823198334703902709085388722536568087443963161600947155560188629735515824E-24 -4.1228569704274046695623045782519884734317372839271183553594505829077938521069428155598201148524250481111676522122185697647195060105E-30 -1.4041121413089950079491598694948261227220067217934628289278059622030627474172688347126289589745534971720190745420317353299350442784E-24 2.7362696334187397594895231684314605028767489936662643352248800769260154521947737933178887953330420778274883512929699707303638994567E-30 1.7301578659731455169583435796019196301639374032175638351032221462930141894571491991116282043338584018369811275774899955570860456255E-25 5.4595918434937667522969309159490826264515409844889301583528051195740316685266308031217137453151898095987736071665433936015943629975E-30 3.3724902970311440242524834191770722056495813300869994230986862919495172468002757381591860955136014397391810944720702564787940734072E-26 -3.1808230134828954098707021366576004049480652986296789526461430431417729607094568568785492729420018405177567542298369838623815301561E-30 -6.2007848016594602733047168690584301737364942293499831660236708008849504368139024934903781032435503942702991616764969412821564609243E-27 -2.5306940596002998523024574228681912587841215023665061570364110300114730271604517050566114214999508318881551833659810496453127684659E-30 5.8926993183029095096303272712733366071131416294772806574297024591567118986091720935041753081769292872346648819522066783571925529932E-28 1.2118507849154987282749208973426710831224125889643769851277827196424018164226320636237348966229463015726104289174513941620072563963E-30 -2.7924154433397993253735446467729452658772465129679297972760708435471455691080471833825792594102212629826064344816514582494687862239E-29 -6.4077479401642759471085454481229808434221288302546342899923764268826016338673136878645556894179151702440409355236615963230630878971E-31 2.5589477628752017479555607510527584676283910430362264210090547559558191507012660997388659153305236680839588509776134813231548384898E-31 3.2931173270641654703494179359524443472448923057572355762062143136112262015140453222232784927902345214588538881728744782132322826665E-33 -7.0816387881834454163355407809779563981654734492877239334792882430874750171661614443999515472207701131594597484615273951146054614317E-32 -2.5462271660226918246676206851964897689129000488489947824476349648768327481438333157241177187115361537404639227833725402623818757312E-34 -0.000033303063752162860293102040810806358116500284480185889754460491440375542328349942876756658467218801357004826881410858262152954842999 1.8681815515154999470509014247977645784465899109993490154107840607864851393340132580771415173478017832261876755299748074870710320754E-32 0.00019439161498992077477425662607979964024378167188174268209208868869179870772985249295873307260902830985865137117357050259918556778291 5.2192635128618246872894876992079459647231321741289054868320159948916790816033417718432384794076125816938315434284618610748218088597E-32 8.9130382666305727720074719870010136880459121785914395364222938994903781237480366209582692773691763131088269052283643034484533788369E-7 6.8800945737586812438969905467620684149020754494255224735489180035337135650041948435487169556255871715867636700475243411990608453392E-32 -0.0000021359460350095669173934542696973168468932135592058446824178245428644874555396427983847739584283621732865965866243949430214333325881 4.9473481947925970062091752442043942056452274747347269185363907797026394109098838940952706028400362345665374203420614919231943253577E-32 -1.2534614143823021134561602266234729528156645043444551667358146651189920732194286291684133399073419917905635514638692069317619349206E-8 6.2723385908210825865151303769217386717382596674227879399807291867283119315164380862215652901345096168123571684991647572275138729392E-32 -8.5550416449095812937946837651961100772284272488811722354118861587765566184137707431276375614106028492930447727282458755657309931778E-10 1.1510723846812490504693053978720918046934971933656229518028219846418827578120987619828970128547006740331105687740735859276635421052E-31 -4.2150721746045527059350787186685565717660393206463001847709771158751098344331072948108875440845566729282987412258142673170814984738E-11 1.1681051734209028790903817039913794264254107311914947613737660756862561738600273937770015527300946462372686303733942439483861591318E-31 5.7813762930491505167351283699430467276955043770084909212464171186394471006589533338244860038714618071323677278680339850428990512541E-10 4.7740756765906211584514240675317194674003049630864114296130453098064018411311015676573504289622022729626273711408877006899098675435E-32 5.0021868217212000411685287785714379829518005019918728300269799384526862041787740573561289670522545830388014488534171863761498444334E-12 1.0201415632842674694713814531776087663344676815755056445402806330940023994927555183336775847946572912118984020342101522339626520533E-31 -5.3730852124892850865283138037769555858820173248982098253212071273244540171922125975323337131091369838688585015988000925272234746649E-12 2.4043653190076205316680985185694840344246834395924997436047077643480562947121994765817178753657286454314600057222756298060729329708E-31 -3.6492835733136074534337487961815377781759701695402413473016669867333985945563947425676620409519766886994915854252222325810063007479E-14 1.9016696654446971952163464560476069231654892247197491603128055382404114406370997749398890570282411039079677672344860762335595031653E-31 -2.2376081609301346400190208380118433713373165795463975153632358159994464400693516842182765345142641674226973652014113546263604955826E-13 -2.2672924055782085903554970840972573575407348856288946110295036553857355726842448032923751615093655330473234764141200443328118405895E-32 -2.2972015665002905427058709765316493576604909811999314603998801622184014677614817531803691865024224999533672768516023953080514982719E-15 1.7200345014834257089613537402873957742973852788723167063787733665784986567987015219832738891120739819474118741423361866721455108087E-31 5.5773701064631550352138685477104948979305525538548105047701153135066081455759114161352852842492386187228234063307728954224005138346E-15 5.4197028695199449756181854796555429129649405753318216495798023244577451969594532837406263582201194878007061591872974435325849774418E-31 5.0654411269765500787331421344292904500073017350397860220168309796670624623689032035666736903870330421788168947593315031136124385880E-17 2.9327513767265742911628977453965069608998033682676051560186829145165610598544229869819283321818894013995621335612084581250870710101E-31 6.2969847319119986132898303527137710688851613628422231435772358919001485710987637116201254003812566591759705156417038829653128612370E-17 -3.1914600602245985948309165594990036753055993577019604486880735114895062730184124035921185923645516028848772998375563815329251649501E-31 7.7417092786483974664482309948462466573768993531611196877869452311986272279585623370260082710221562234507488883555840128945376634525E-19 4.3198916496216524458162848297741294207030865027049571429001679294049018654209429325079777735865503172036948748313020346664028493336E-31 -4.2102093533306644784448428385583097952871417919560222179656841290300638704131134777575954819407914386248060351067280372655232039351E-18 1.2525335259845050093910291523455360698844080350157598006066046985641675215611142503533128763923858730173098596883467153851479078983E-30 -4.2572229459287148643466759359085194610964112110332725950969386412734899482539787286677268060644940284735907396311345104130300045239E-20 -1.2353661880467292053241591890055709657532295987565136888520357918011816753520732847351537342386795889625620267432475587773594866599E-31 1.2119878032400148016622814867857450073557367697744147808484376123546499109494889500017927569025444669438544617795011221651553215113E-20 -1.0623390851614366678925077258576875624419872135172549104652838523607295275399256365805245519337797970711694395554754467662850310944E-30 3.3239110752510754512644707169077879719055029609694012488524715660563637569463822210640215451093334594596067747074941648796896762193E-23 2.3094175952518865840531132696678065203644194991933396448225598774004380417454792079118824956170781096236944521293266830640065501395E-30 2.6388134478014882096252943359805850174524733016599425421454528281539925776044712183343959549326116558906711829979424996543016580712E-21 2.2663444052839162021107579852076554439998174359075474106011025322914810481898709285089704029439261403729713437227389558925544767829E-30 2.8670657324031294666522492460887214613209074649437167972772871408710019898423733166917098358680970856671375298399647614941309430496E-23 -2.8630613394543360488649711106460352338886302988676554875218579386589474048085023251081565220996698071493124518172164470242019555732E-30 -4.1723214633961340992750734055125519122914809200105804646395803436265363365003423483236753720665377884038302756618811908431119380639E-23 -1.3846579164390008668333152760587836738591868605923839445564361912024014478805878789744873337155002494356567375180387486026098406890E-30 -3.9512981424290791618725000134272188727764897827900559494357097804756287837294392484425756911037482551828873637539784234237046893734E-25 6.9348574790005385024503316881599161874979231030080733364968668574660381381241284002879313999963023042506715371621246493718559646943E-30 -1.3066408025038744426486239022733913332296671856010294002246046748420490118113181433057112174588828225734471963251210113919794327961E-24 1.5407672175757991234521437336834953893971789214622804680396985367784969105037581969143931513463910366579192357793865845485564242141E-30 -1.5338460982962840829255550841121525953346827715165210424769138960891898732781756696057746902197825847220895998226528141505938634120E-26 -6.6095402082861020592821054138545278929883390515760361631244010076465663650627537924081589261667126263797725480647668383784572032168E-30 4.6446712185861184745674637409860132901803486204543902790560680677371133956856324766915927242393009474329999751275933515510918974297E-26 -8.4187391919612112306875354822690590034410792470284950654021329386920756166647627111647810540531046711258419787005837389925371460544E-31 5.0313749440627370901671840817432729445979583200161984737013694323301236259414869677937259418905942983809193890979053812818939357874E-28 1.8495234541410338004309335858427122982214246974901497321548765692087862973539915884116812432614400287347049782521997615718789502840E-30 3.7546632622964032441857015792053179562761419314014506183531828894431355319514033750916801310867358863385394913396549991258342446167E-28 -1.1098256704927091944980292277812729008090872685751831805326900081896126951313705924515065728733872465321363474688266805385203196376E-30 5.4342664272534787556276680584421879860011386100092209185857699297354541290717912303024738691650178501922329757014846116013134637836E-29 -3.6769141474129768490956175269405032309565423441259993820531966106794517460094468527575861378034278916132574508315169542001138283582E-31 -3.0479505641148338431442386078499549674909635076611196483221535544930631875436647566911533909782463171039538917840968825953638034130E-29 -1.8854141238128879350421101351019302334599996750096333420631573745782742005796998398900990599597157967535971477060823865528699809497E-31 -1.1513745847862732801345300641785274709857678467862226680806179308811077085032414343480745604190640764022206276732748719296145063710E-30 5.7464298807154116537319902373779110401864100128677964890949703638547642213984205637246947216592520410791447022020189396626086016506E-33 1.0155937267157842718479253523237490833747533715354677439410834030536290319177320492594712769649301590537499956736276211708855204140 9.4877833951923096861306152748784087259087642401621605905184615496091103424980220702384428627680337770085894660040218603183274324759E-33
D 0
excl 1 264
drow 1
modes 1
tangent 1
chord 1
vpar 1
gauto 1
mu0 0
ppmax 33
gmask 6 1 1 1 2 2 2 3 3 3 4 4 4
